title,P
Trump: I never said 'Israel' in meeting with Russians,1.0
South Dakota Republicans are about to get rid of the state’s first independent ethics commission,1.0
“It’s back to work.” Trump’s schedule is nothing but livetweeting Fox lies,1.0
Bernie Sanders' Supporters Say the 'Justice Democrats' Can Move the Party Left to Fight Donald Trump,1.0
Chris Coons: Gorsuch nomination ‘almost certainly’ will require GOP to go ‘nuclear’,1.0
Trump adopting same behavior he criticized Clinton for,1.0
Conway: Media Obsesses Over Trump's Tweets &amp; Ignores His Policies,1.0
Official to CNN: Drudge at White House 'all the time',1.0
Trump to scrap Nasa climate research in crackdown on ‘politicized science’,1.0
Democratic Rep. Tulsi Gabbard 'Under Serious Consideration' for Trump Cabinet,1.0
